{
  "alpha": 0.05,
  "variant_A": {
    "n": 1821,
    "conversions": 218,
    "rate": 0.11971444261394838
  },
  "variant_B": {
    "n": 1816,
    "conversions": 235,
    "rate": 0.12940528634361234
  },
  "absolute_lift": 0.009690843729663959,
  "relative_lift": 0.08094966253081683,
  "z_statistic": 0.8849332337141433,
  "p_value": 0.37619264234310124,
  "significant": false,
  "ci_95_low": -0.011772983129252425,
  "ci_95_high": 0.031154670588580343
}