{
  "alpha": 0.05,
  "variant_A": {
    "n": 5000,
    "conversions": 577,
    "rate": 0.1154
  },
  "variant_B": {
    "n": 5000,
    "conversions": 685,
    "rate": 0.137
  },
  "absolute_lift": 0.021600000000000008,
  "relative_lift": 0.18717504332755638,
  "z_statistic": 3.252280969068796,
  "p_value": 0.0011448279259320682,
  "significant": true,
  "ci_95_low": 0.00858267449748606,
  "ci_95_high": 0.03461732550251396
}