{
  "group_A": {
    "n": 6402,
    "mean": 1.1883927835051546,
    "std": 0.1569927921479524
  },
  "group_B": {
    "n": 612,
    "mean": 1.1166580065359477,
    "std": 0.04665758088666874
  },
  "ttest": {
    "statistic": 26.346478138164006,
    "p_value": 1.8736034723258868e-134,
    "significant": true,
    "cohens_d": 0.47623793671144127,
    "effect_size": "small"
  },
  "levene": {
    "statistic": 525.8808865094102,
    "p_value": 2.7678851158572752e-112,
    "significant": true
  },
  "alpha": 0.05
}